comp_id,model_0,model_1,model_10,model_11,model_12,model_13,model_14,model_15,model_16,model_17,model_18,model_19,model_2,model_20,model_21,model_22,model_23,model_24,model_25,model_3,model_4,model_5,model_6,model_7,model_8,model_9,smiles,prediction_mean_score
cefmenoxime,0.15213835,0.40757325,0.7248584,0.5089266,0.81262136,0.99824774,0.019268332,0.26887834,0.78464013,0.75208336,0.7206383,0.6572153,0.5608985,0.040468074,0.39777547,0.356199,0.70382833,0.69477695,0.51572156,0.045957208,0.19427407,0.6189055,0.41049153,0.66295433,0.57484835,0.8428112,CO\N=C(\C(=O)NC1C2SCC(CSc3nnnn3C)=C(N2C1=O)C(O)=O)c1csc(N)n1,0.516423059
ulifloxacin,0.011896544,0.06014956,0.57311535,0.49335748,0.9188956,0.99238235,0.027489884,0.27981436,0.6433854,0.61338305,0.7799855,0.81189483,0.114072785,0.02488933,0.762538,0.42689288,0.69618493,0.69477695,0.51595676,0.00040420282,0.0101244645,0.54476714,0.41049153,0.6316473,0.57484835,0.45485598,CC1Sc2c(C(O)=O)c(=O)c3cc(F)c(cc3n12)N1CCNCC1,0.4641615580892307
cefotiam,0.8842773,0.9678785,0.79316324,0.5655662,0.9466358,0.98403,0.2557472,0.37976286,0.7693379,0.753901,0.7910187,0.8240495,0.9202391,0.027126625,0.82485735,0.708071,0.7648091,0.73031616,0.53094506,0.49206352,0.8907084,0.9668373,0.41049153,0.74850655,0.6318291,0.4506289,CN(C)CCn1nnnc1SCC1=C(N2[C@H](SC1)[C@H](NC(=O)Cc1csc(N)n1)C2=O)C(O)=O,0.6927999190384615
ceftriaxone,0.14029115,0.6406818,0.75888014,0.54250246,0.77832466,0.99797803,0.021937944,0.2891469,0.82430094,0.7913857,0.7399241,0.79531693,0.75897634,0.014698998,0.42083603,0.2279963,0.72790605,0.69477695,0.51817024,0.0014451795,0.096045315,0.5299347,0.41049153,0.62770134,0.57484835,0.47815588,CO\N=C(/C(=O)N[C@H]1[C@H]2SCC(CSc3nc(=O)c(O)nn3C)=C(N2C1=O)C(O)=O)c1csc(N)n1,0.5154866906346153
balofloxacin,0.024606185,0.10740781,0.57329565,0.49589986,0.845147,0.9976618,0.036869302,0.33418113,0.7347843,0.69283205,0.63819087,0.7894985,0.14463213,0.032550953,0.78982335,0.9757732,0.6967126,0.69477695,0.5165617,0.0058834916,0.26878917,0.62213004,0.41049153,0.6485406,0.606041,0.35627148,CNC1CCCN(C1)c1c(F)cc2c(c1OC)n(cc(C(O)=O)c2=O)C1CC1,0.501513563523077
cefminox,0.121681735,0.49667633,0.6030068,0.51949286,0.15926178,0.96099424,0.15943338,0.6844578,0.8329086,0.79939,0.76801276,0.8071878,0.5944622,0.019595325,0.4586384,0.82004577,0.73125154,0.6951761,0.5472289,0.71968883,0.6676928,0.9310473,0.41049153,0.6300968,0.57484835,0.9468033,CO[C@]1(NC(=O)CSC[C@@H](N)C(O)=O)[C@H]2SCC(CSc3nnnn3C)=C(N2C1=O)C(O)=O,0.602291201153846
danofloxacin,0.18493703,0.7989805,0.65601236,0.5039392,0.99762374,0.99985313,0.069690295,0.88607025,0.90959597,0.8806056,0.80562097,0.92920446,0.86371523,0.58079666,0.99872965,0.9956334,0.69618493,0.69477695,0.54389334,0.0047048903,0.3353016,0.9717541,0.41049153,0.90301955,0.6274417,0.99078596,CN1C[C@@H]2C[C@H]1CN2c1cc2n(cc(C(O)=O)c(=O)c2cc1F)C1CC1,0.7015139613576922
besifloxacin,0.022269143,0.17230625,0.6271082,0.49185705,0.28878635,0.9850937,0.025939591,0.22139247,0.7724408,0.6974194,0.7118207,0.77756065,0.19165199,0.0109132435,0.8824232,0.7101632,0.704411,0.69477695,0.50816405,0.0006202453,0.030291867,0.54646194,0.41049153,0.6551823,0.5943693,0.46275276,N[C@@H]1CCCCN(C1)c1c(F)cc2c(c1Cl)n(cc(C(O)=O)c2=O)C1CC1,0.46910261076153853
cefazolin,0.60404223,0.82850873,0.7221416,0.5365577,0.8623728,0.9915631,0.14090548,0.6882022,0.84222513,0.82426405,0.7696282,0.8069886,0.7201201,0.040090203,0.9056698,0.93515563,0.7706863,0.7282133,0.5371694,0.22340551,0.37971577,0.8688928,0.45047095,0.7382703,0.6142203,0.79112244,Cc1nnc(SCC2=C(N3[C@H](SC2)[C@H](NC(=O)Cn2cnnn2)C3=O)C(O)=O)s1,0.6661770239615384
cefodizime,0.12723766,0.66711617,0.65315247,0.5299225,0.90420127,0.9996451,0.024326771,0.2809533,0.82271785,0.82428265,0.6791078,0.7387466,0.7726685,0.04717851,0.88252354,0.73457307,0.74882305,0.6980376,0.5185933,0.058739267,0.16316159,0.9283009,0.41049153,0.6488177,0.5799254,0.6423184,CO\N=C(/C(=O)N[C@H]1[C@H]2SCC(CSc3nc(C)c(CC(O)=O)s3)=C(N2C1=O)C(O)=O)c1csc(N)n1,0.5802139422307693
trovafloxacin,0.512991,0.93030626,0.6786952,0.49703118,0.9565138,0.99683964,0.03879636,0.7638997,0.83183753,0.77223724,0.8350803,0.91637725,0.92585456,0.62945855,0.9927852,0.99102294,0.69618493,0.69477695,0.54333293,0.03190563,0.7643054,0.99291307,0.5708161,0.9133819,0.6620011,0.987414,N[C@H]1[C@@H]2CN(C[C@H]12)c1nc2n(cc(C(O)=O)c(=O)c2cc1F)-c1ccc(F)cc1F,0.7356445661538463
cefpirome,0.057390925,0.21426222,0.5877197,0.4986548,0.55138963,0.9706325,0.014903234,0.24324954,0.6904676,0.68666613,0.5992331,0.70272183,0.2585304,0.006841192,0.47766474,0.19666375,0.69969434,0.69477695,0.50750864,0.0032701013,0.03580053,0.57230645,0.41049153,0.5540786,0.57484835,0.4770364,CO\N=C(\C(=O)N[C@H]1[C@H]2SCC(C[n+]3cccc4CCCc34)=C(N2C1=O)C(O)=O)c1csc(N)n1,0.434107814703846
cefotiam-cilexetil,0.015311027,0.04280416,0.59220356,0.5187895,0.36417535,0.98733056,0.035339963,0.45024875,0.765473,0.7403306,0.76308346,0.7259409,0.055596367,0.032195,0.89649314,0.7424895,0.69618493,0.69477695,0.52319497,0.013293637,0.11285067,0.8950391,0.41049153,0.6979462,0.57484835,0.37688896,CC(OC(=O)OC1CCCCC1)OC(=O)C1=C(CSc2nnnn2CCN(C)C)CSC2C(NC(=O)Cc3csc(N)n3)C(=O)N12,0.4893584666923077
sitafloxacin,0.7264124,0.9188475,0.6010761,0.4915846,0.96692085,0.9960563,0.18246578,0.5253416,0.7867982,0.766102,0.77952987,0.8149275,0.926511,0.27610648,0.9848202,0.994269,0.70431215,0.69477695,0.5196867,0.033440944,0.8485445,0.9801411,0.41049153,0.7567668,0.57484835,0.48487452,N[C@@H]1CN(CC11CC1)c1c(F)cc2c(c1Cl)n(cc(C(O)=O)c2=O)[C@@H]1C[C@@H]1F,0.6825251124615384
ceftizoxim,0.29557687,0.4723293,0.67742383,0.50467676,0.60641634,0.9996828,0.008877739,0.2614769,0.69376874,0.66152596,0.6373479,0.6856427,0.6975724,0.029617894,0.7824187,0.5503813,0.70037675,0.69477695,0.49887088,0.028233152,0.37393963,0.7835331,0.41049153,0.5899984,0.57484835,0.63624287,CO\N=C(/C(=O)N[C@H]1[C@H]2SCC=C(N2C1=O)C(O)=O)c1csc(N)n1,0.5329249132692307
cefmetazole,0.016512001,0.15347329,0.5555089,0.5160539,0.18290468,0.9298742,0.029120643,0.5837752,0.7846598,0.7509103,0.6679792,0.6382351,0.21206173,0.008295959,0.24222386,0.7649427,0.7066962,0.69477695,0.5269396,0.055821303,0.1939764,0.7772615,0.41049153,0.5365395,0.57484835,0.636942,CO[C@]1(NC(=O)CSCC#N)[C@H]2SCC(CSc3nnnn3C)=C(N2C1=O)C(O)=O,0.4673394152307692
cefoselis,0.01772711,0.28942123,0.5234448,0.49562997,0.6321823,0.9962322,0.03162413,0.20372921,0.8655429,0.8162477,0.5576993,0.4953863,0.20373768,0.007509771,0.16865595,0.08237883,0.69618493,0.69477695,0.4740044,0.00084945356,0.04256916,0.3102923,0.41049153,0.5315668,0.57484835,0.35627148,CO\N=C(/C(=O)N[C@H]1[C@H]2SCC(Cn3ccc(=N)n3CCO)=C(N2C1=O)C(O)=O)c1csc(N)n1,0.403038643636923
cefotaxime,0.01753384,0.08107549,0.5413951,0.50297564,0.014760672,0.9840582,0.0026203701,0.30605,0.6458853,0.6504262,0.5960063,0.41968045,0.07437996,0.010158375,0.18246552,0.100337885,0.69618493,0.69477695,0.49668503,0.0035744694,0.022638217,0.21225275,0.41049153,0.54807484,0.57484835,0.35627148,CO\N=C(/C(=O)N[C@H]1[C@H]2SCC(COC(C)=O)=C(N2C1=O)C(O)=O)c1csc(N)n1,0.3517541480192307
ceftazidime,0.12773253,0.34932682,0.7213108,0.533907,0.688567,0.9950799,0.018642757,0.5681178,0.7425906,0.7297348,0.7381487,0.7818338,0.46690473,0.02116586,0.45444122,0.88800055,0.69618493,0.69477695,0.5154125,0.04768413,0.31334794,0.83964825,0.41049153,0.6890088,0.57484835,0.78083265,CC(C)(O\N=C(\C(=O)N[C@H]1[C@H]2SCC(C[n+]3ccccc3)=C(N2C1=O)C(O)=O)c1csc(N)n1)C(O)=O,0.5533746498846154
cefetamet,0.04125421,0.23830634,0.62543947,0.49682653,0.4949271,0.9998073,0.002806561,0.5322478,0.8935683,0.86628675,0.57309055,0.52059543,0.4373138,0.009584947,0.23105417,0.25760183,0.69618493,0.69477695,0.48674217,0.0056590247,0.13303566,0.61871904,0.41049153,0.6411574,0.57484835,0.90003836,CO\N=C(/C(=O)N[C@H]1[C@H]2SCC(C)=C(N2C1=O)C(O)=O)c1csc(N)n1,0.4762447885653846
cefamandole,0.0985701,0.31336254,0.65127814,0.5233223,0.083706796,0.9323715,0.014432441,0.46041524,0.84563315,0.8434271,0.65778375,0.5849413,0.22572474,0.016714497,0.36794764,0.46648923,0.74891853,0.7038823,0.52006644,0.009229109,0.095553316,0.86725026,0.41049153,0.59164745,0.57484835,0.38846645,Cn1nnnc1SCC1=C(N2[C@H](SC1)[C@H](NC(=O)[C@H](O)c1ccccc1)C2=O)C(O)=O,0.46140285380769225
cefuroxime,0.007540704,0.024282608,0.5192929,0.49495846,0.026945516,0.98768705,0.004424073,0.21740638,0.63159907,0.60965973,0.6012463,0.3374543,0.024513962,0.0042711757,0.16364984,0.123370714,0.7047366,0.69477695,0.5008326,9.724199e-05,0.0026914966,0.057158653,0.41049153,0.5315668,0.57484835,0.35627148,CO\N=C(/C(=O)N[C@H]1[C@H]2SCC(COC(N)=O)=C(N2C1=O)C(O)=O)c1ccco1,0.33122209554961535
thiomersal,0.00978055,0.051118627,0.49740407,0.49570256,0.059562434,0.47042838,0.008321727,0.21589637,0.4985009,0.48738524,0.54111063,0.39016262,0.034679815,0.010235082,0.176286,0.11743943,0.69618493,0.69477695,0.4983634,0.00015287222,0.007964353,0.10544639,0.41049153,0.5315668,0.57484835,0.35627148,CC[Hg]Sc1ccccc1C(O)=O,0.3053877496238461
cefoxitin,0.004015332,0.030075355,0.4997054,0.4922548,0.014520691,0.7345953,0.0003303202,0.16951089,0.561104,0.52443796,0.33606082,0.15289143,0.029167663,0.024309376,0.14531356,0.10304426,0.69618493,0.69477695,0.41110656,0.00032159133,0.026880542,0.1352482,0.41049153,0.5315668,0.57484835,0.35627148,CO[C@]1(NC(=O)Cc2cccs2)[C@H]2SCC(COC(N)=O)=C(N2C1=O)C(O)=O,0.29457823425115387
cefonicid,0.0213433,0.085996315,0.60412276,0.51369613,0.58049595,0.98192847,0.08418685,0.39429995,0.7989918,0.7813158,0.62483245,0.6032728,0.08172196,0.027537894,0.18522026,0.50908905,0.75608337,0.7131442,0.52411014,0.0065835128,0.13483056,0.49924874,0.41049153,0.5315668,0.57484835,0.5185505,O[C@@H](C(=O)N[C@H]1[C@H]2SCC(CSc3nnnn3CS(O)(=O)=O)=C(N2C1=O)C(O)=O)c1ccccc1,0.4441349785307693
cefamandole-nafate,0.056663994,0.5515253,0.6863042,0.52893436,0.030953836,0.9137529,0.002551955,0.33119047,0.79527825,0.7739852,0.6583654,0.6092118,0.49297044,0.019301066,0.2992259,0.34078228,0.7466849,0.7129692,0.50802624,0.018448863,0.27081576,0.7742407,0.41049153,0.5353457,0.57484835,0.8170773,Cn1nnnc1SCC1=C(N2[C@H](SC1)[C@H](NC(=O)[C@H](OC=O)c1ccccc1)C2=O)C(O)=O,0.47922868823076914
cefetamet-pivoxil,0.18917619,0.3631903,0.72454435,0.513185,0.5366094,0.9982844,0.016249081,0.3205565,0.7986882,0.7862074,0.71975327,0.79125756,0.3535171,0.011730049,0.84041774,0.8696763,0.71419185,0.69477695,0.50254387,0.01994454,0.59026694,0.9516883,0.41049153,0.6967149,0.57484835,0.995197,CO\N=C(/C(=O)N[C@H]1[C@H]2SCC(C)=C(N2C1=O)C(=O)OCOC(=O)C(C)(C)C)c1csc(N)n1,0.5762964257692307
finafloxacin,0.41603267,0.93335104,0.77404505,0.5354642,0.99909663,0.99998856,0.074797094,0.43883535,0.848918,0.8211641,0.7877009,0.771376,0.98150235,0.10199813,0.9905032,0.978865,0.69618493,0.69477695,0.5335094,0.07800765,0.85704184,0.9929803,0.4283971,0.91783834,0.6419813,0.9969643,OC(=O)c1cn(C2CC2)c2c(C#N)c(N3C[C@@H]4NCCO[C@H]4C3)c(F)cc2c1=O,0.7035123224615384
moxalactam,0.023823425,0.12635317,0.50763613,0.49802154,0.16661142,0.9036414,0.0040158853,0.25832573,0.7124098,0.6635231,0.5003444,0.27681595,0.2563976,0.003890045,0.15207985,0.12258537,0.69618493,0.69477695,0.4928479,0.001926939,0.0117656505,0.13379446,0.41049153,0.5315668,0.57484835,0.3766716,CO[C@]1(NC(=O)C(C(O)=O)c2ccc(O)cc2)[C@H]2OCC(CSc3nnnn3C)=C(N2C1=O)C(O)=O,0.35005192018461534
cefozopran,0.23150362,0.5710521,0.64379984,0.50042063,0.82527566,0.99779534,0.02367321,0.40676528,0.82941556,0.8048908,0.707531,0.7676507,0.5074435,0.009645147,0.60500884,0.24434613,0.7057009,0.69477695,0.51129526,0.003771031,0.02636199,0.23929131,0.41049153,0.62102544,0.57484835,0.47399995,CO\N=C(/C(=O)N[C@H]1[C@H]2SCC(C[n+]3ccn4ncccc34)=C(N2C1=O)C(O)=O)c1nsc(N)n1,0.4976069256923077
Ro-9187,0.007018605,0.105998114,0.52812433,0.5004059,0.025041291,0.9586486,0.00400257,0.21077478,0.6260348,0.58739614,0.550635,0.37594846,0.16227141,0.007338334,0.3097664,0.41231525,0.70552933,0.69477695,0.48002714,0.00043538044,0.011983418,0.26458278,0.41049153,0.5315668,0.57484835,0.4942103,Nc1ccn([C@@H]2O[C@@](CO)(N=[N+]=[N-])[C@@H](O)[C@@H]2O)c(=O)n1,0.36692969086307686
R-1479,0.0038042197,0.052013636,0.5247812,0.49408257,0.009212024,0.9377587,0.001093982,0.19695467,0.63970655,0.60930175,0.50803566,0.2433052,0.06654954,0.005005442,0.20140718,0.2661371,0.69618493,0.69477695,0.4744253,0.0001399512,0.006899223,0.14545372,0.41049153,0.5315668,0.57484835,0.43010554,Nc1ccn([C@@H]2O[C@@](CO)(N=[N+]=[N-])[C@@H](O)[C@H]2O)c(=O)n1,0.33554006607307685
cephalosporin-c-zn,0.0013831899,0.017331064,0.51097196,0.4910739,0.03194331,0.93782014,0.0029234595,0.22442207,0.4942763,0.48895165,0.49396798,0.2264876,0.029632619,0.006776083,0.15686868,0.05753311,0.69618493,0.69477695,0.47522464,0.0013287163,0.026754936,0.5171406,0.41049153,0.5315668,0.57484835,0.41190067,CC(=O)OCC1=C2N3C(SC1)[C@H](NC(=O)CCCC(N)C(=O)O[Zn]OC2=O)C3=O,0.3274069706807692
oxolinic-acid,0.13666376,0.79755634,0.5097706,0.49690711,0.15024552,0.90538514,0.02011837,0.18086195,0.5519317,0.5495453,0.70353615,0.47396517,0.4628423,0.0416748,0.17585811,0.63195926,0.69618493,0.69477695,0.48649892,0.0036950975,0.06399485,0.6676214,0.41049153,0.5315668,0.57484835,0.36434802,CCn1cc(C(O)=O)c(=O)c2cc3OCOc3cc12,0.43395570875
carumonam,0.004627895,0.049337342,0.5029324,0.4916151,0.017536486,0.84657866,0.00027499397,0.19079712,0.5640721,0.51814103,0.43336844,0.14824425,0.0741411,0.002895613,0.13189952,0.096241765,0.69618493,0.69477695,0.4310502,0.00011356375,0.024262914,0.15854181,0.41049153,0.5315668,0.57484835,0.35627148,NC(=O)OC[C@@H]1[C@H](NC(=O)C(=N/OCC(O)=O)\c2csc(N)n2)C(=O)N1S(O)(=O)=O,0.30580047472000005
piperacillin,0.007543156,0.10437631,0.4988795,0.4916151,0.021252312,0.93697584,0.0015178142,0.24517968,0.72939634,0.63601846,0.66862667,0.5830446,0.11837605,0.009493081,0.48486647,0.54625094,0.69618493,0.69477695,0.50772256,0.00088804855,0.12724587,0.38053828,0.41049153,0.62918615,0.57484835,0.42613363,CCN1CCN(C(=O)NC(C(=O)N[C@H]2[C@H]3SC(C)(C)[C@@H](N3C2=O)C(O)=O)c2ccccc2)C(=O)C1=O,0.40505494699038463
bleomycin,0.0033749102,0.066020556,0.5219339,0.49158484,0.34921563,0.95876104,0.0010980526,0.19882075,0.55091757,0.5160681,0.4988541,0.2162857,0.14939791,0.009883303,0.23884554,0.09617819,0.69618493,0.69477695,0.4542985,0.004152052,0.15047729,0.45693177,0.41049153,0.5315668,0.57484835,0.86201257,C[C@@H](O)[C@@H](NC(=O)[C@H](C)[C@@H](O)[C@H](C)NC(=O)[C@@H](NC(=O)c1nc(nc(N)c1C)[C@H](CC(N)=O)NC[C@@H](N)C(N)=O)C(O[C@H]1O[C@H](CO)[C@H](O)[C@@H](O)[C@H]1O[C@H]1O[C@H](CO)[C@@H](O)[C@H](OC(N)=O)[C@@H]1O)c1c[nH]cn1)C(=O)NCCc1nc(cs1)-c1nc(cs1)C(=O)NCCC[S+](C)C,0.3731915705307692
ceftaroline-fosamil,0.015805293,0.08331158,0.7331721,0.52253556,0.98821867,0.999742,0.21934417,0.34713784,0.78458154,0.7690004,0.749506,0.7387327,0.20488755,0.010990663,0.56969357,0.7434384,0.7301049,0.69477695,0.51903874,0.0041485126,0.10908283,0.52928096,0.41049153,0.6022068,0.57484835,0.3766796,CCO\N=C(\C(=O)N[C@H]1[C@H]2SCC(Sc3nc(cs3)-c3cc[n+](C)cc3)=C(N2C1=O)C(O)=O)c1nsc(NP(O)(O)=O)n1,0.5011829695615384
bleomycetin,0.14329726,0.47867543,0.5619712,0.49245644,0.55709934,0.960674,0.004593358,0.2763086,0.7764761,0.68038523,0.6139009,0.4878193,0.79037917,0.019579167,0.36013,0.19411702,0.69618493,0.69477695,0.4799643,0.040777296,0.30514476,0.524789,0.41049153,0.54752684,0.57484835,0.43533757,C[C@@H](O)[C@H](NC(=O)[C@@H](C)[C@H](O)[C@@H](C)NC(=O)C(NC(=O)c1nc(nc(N)c1C)[C@H](CC(N)=O)NC[C@H](N)C(N)=O)[C@@H](O[C@H]1O[C@H](CO)[C@H](O)[C@@H](O)[C@H]1O[C@H]1O[C@H](CO)[C@@H](O)[C@@H](OC(N)=O)[C@@H]1O)c1c[nH]cn1)C(=O)NCCc1nc(cs1)-c1nc(cs1)C(=O)NCCCNCCCCN,0.4656809246538461
7-aminocephalosporanic-acid,0.002667685,0.023613133,0.49834692,0.4929156,0.013188831,0.95559764,0.00071973493,0.16639578,0.4969471,0.49879688,0.44989282,0.18131386,0.027808337,0.0011475574,0.066978745,0.06836971,0.69618493,0.69477695,0.48954973,0.00012558336,0.011707339,0.15458347,0.41049153,0.5315668,0.57484835,0.35627148,CC(=O)OCC1=C(N2[C@H](SC1)[C@H](N)C2=O)C(O)=O,0.3024925575265385
inimur,0.10638227,0.19730592,0.6097182,0.5009805,0.563908,0.8839835,0.0037906582,0.17601739,0.56430453,0.55905694,0.65317786,0.62679374,0.19247586,0.007320668,0.1515832,0.60265666,0.7825142,0.75479734,0.5166165,0.005135375,0.05126728,0.3538067,0.41049153,0.5315668,0.57484835,0.92471975,CSCC1CN(\N=C\c2ccc(o2)[N+]([O-])=O)C(=O)O1,0.43481614312307687
voreloxin,0.07212547,0.5286428,0.6672538,0.49975473,0.9225559,0.9977234,0.10092995,0.7051366,0.8918879,0.84850705,0.8284507,0.8520568,0.6760519,0.030805107,0.947002,0.8185292,0.7259639,0.6967226,0.5099996,0.0025537056,0.3891075,0.91291827,0.541162,0.6294878,0.57484835,0.8236508,CN[C@H]1CN(C[C@@H]1OC)c1ccc2c(n1)n(cc(C(O)=O)c2=O)-c1nccs1,0.622839532023077
colistin-b-sulfate,0.5968107,0.90518016,0.70953155,0.5084646,0.9800756,0.9998951,0.047578122,0.26460892,0.68679565,0.6339989,0.76962686,0.83855623,0.9633265,0.022301158,0.98786,0.98022294,0.69618493,0.69477695,0.47615722,0.023571128,0.84925425,0.979882,0.41049153,0.7054718,0.57484835,0.9933836,CC(C)CCCCC(=O)NC(CCN)C(=O)NC(C(C)O)C(=O)NC(CCN)C(=O)NC1CCNC(=O)C(NC(=O)C(CCN)NC(=O)C(CCN)NC(=O)[C@H](CC(C)C)NC(=O)[C@@H](CC(C)C)NC(=O)C(CCN)NC1=O)C(C)O,0.6653405672307691
balapiravir,0.0071276724,0.046684112,0.5309298,0.5039253,0.36430275,0.9912867,0.0025910619,0.15976378,0.6190248,0.55650604,0.49368098,0.36715776,0.043507937,0.028988184,0.36645004,0.70226616,0.69618493,0.69477695,0.4788589,0.004637992,0.11463124,0.3460199,0.41049153,0.5315668,0.57484835,0.6299269,CC(C)C(=O)OC[C@]1(O[C@H]([C@H](OC(=O)C(C)C)[C@@H]1OC(=O)C(C)C)n1ccc(N)nc1=O)N=[N+]=[N-],0.3948514065115384
faropenem,0.00027827546,0.001613751,0.5021918,0.491739,0.0007445176,0.1215888,4.2361666e-05,0.14542289,0.4850187,0.4953868,0.41859826,0.1947809,0.0016984716,0.0005228584,0.022937434,0.033793878,0.69618493,0.69477695,0.46933335,0.0001251073,0.005592793,0.13267066,0.41049153,0.5315668,0.57484835,0.35627148,CC(O)C1C2SC(C3CCCO3)=C(N2C1=O)C(O)=O,0.2610854095394615
colistimethate,0.036769748,0.4275335,0.70925003,0.50568074,0.9027099,0.9983903,0.05345025,0.45160037,0.72637826,0.66073453,0.846838,0.87306356,0.6364509,0.10908401,0.9832792,0.91628987,0.69618493,0.69477695,0.4736869,0.18639374,0.85870177,0.97560674,0.41049153,0.5651071,0.57484835,0.57250816,CCC(C)CCCCC(=O)N[C@@H](CCN)C(=O)N[C@@H]([C@@H](C)O)C(=O)N[C@@H](CCN)C(=O)N[C@H]1CCNC(=O)C(NC(=O)[C@H](CCN)NC(=O)[C@H](CCN)NC(=O)[C@H](CC(C)C)NC(=O)[C@@H](CC(C)C)NC(=O)[C@H](CCN)NC1=O)[C@@H](C)O,0.6094542053076922
imipenem,0.42341536,0.8163959,0.6435579,0.53564274,0.8924728,0.9984806,0.12825558,0.5665249,0.8153221,0.80819947,0.65415084,0.78649175,0.7437374,0.048996303,0.69666725,0.8878945,0.76406676,0.72856116,0.53664106,0.053197306,0.60371494,0.86190593,0.66828215,0.87465686,0.67976075,0.6611275,C[C@@H](O)[C@@H]1[C@H]2CC(SCCNC=N)=C(N2C1=O)C(O)=O,0.6491584541923078
meclocycline-sulfosalicylate,0.001850308,0.03163805,0.49625486,0.49223274,0.023884771,0.9238278,0.00024869037,0.09951403,0.5280474,0.5045837,0.54530424,0.09359614,0.042056415,0.0026125095,0.18439904,0.082376845,0.69618493,0.69477695,0.44361705,8.6474574e-05,0.012915512,0.1481352,0.41049153,0.5315668,0.57484835,0.35627148,CN(C)[C@H]1[C@@H]2[C@@H](O)[C@H]3C(C(=O)c4c(O)ccc(Cl)c4C3=C)C(=O)[C@]2(O)C(=O)C(C(N)=O)C1=O,0.3046662236709231
colistin,0.5445812,0.91318035,0.6858104,0.5027267,0.91418844,0.9970067,0.058199562,0.37879193,0.6819369,0.61817825,0.7995917,0.87066865,0.97397536,0.112851866,0.98790365,0.88298804,0.69618493,0.69477695,0.47488752,0.31378952,0.9330773,0.9855496,0.41049153,0.62041533,0.57484835,0.69890916,CCC(C)CCCC(=O)N[C@@H](CCN)C(=O)N[C@@H]([C@@H](C)O)C(=O)N[C@@H](CCN)C(=O)N[C@H]1CCNC(=O)[C@@H](NC(=O)[C@H](CCN)NC(=O)[C@H](CCN)NC(=O)[C@H](CC(C)C)NC(=O)[C@@H](CC(C)C)NC(=O)[C@H](CCN)NC1=O)[C@@H](C)O,0.6663657649230769
faropenem-medoxomil,0.13530986,0.6965336,0.49703133,0.49296308,0.007224709,0.8878152,0.0004905,0.20513977,0.6051516,0.5964543,0.5381296,0.3637298,0.7723035,0.0036994026,0.12668967,0.11884124,0.69618493,0.69477695,0.5113193,0.0018968981,0.024691552,0.8357846,0.41049153,0.5315668,0.57484835,0.35627148,C[C@@H](O)[C@@H]1[C@H]2SC([C@H]3CCCO3)=C(N2C1=O)C(=O)OCc1oc(=O)oc1C,0.41097459814230763
cephalothin,0.00197903,0.013138992,0.52711016,0.49714193,0.116230205,0.9768578,0.0048316815,0.21773589,0.7349073,0.7176741,0.6209255,0.320169,0.010076151,0.0034636012,0.10673116,0.2708598,0.7241552,0.69477695,0.5080545,0.0022889322,0.027135482,0.26087004,0.41049153,0.5315668,0.57484835,0.5522342,CC(=O)OCC1=C(N2[C@H](SC1)[C@H](NC(=O)Cc1cccs1)C2=O)C(O)=O,0.3625482417269231
demeclocycline,0.0006315955,0.0050352965,0.496504,0.49191794,0.0016525311,0.76645815,2.347024e-05,0.14177293,0.56924653,0.5326794,0.38322946,0.11110909,0.004792353,0.0006010724,0.055520475,0.032679077,0.69618493,0.69477695,0.46326926,6.961898e-06,0.0008927283,0.043422695,0.41049153,0.5315668,0.57484835,0.35627148,CN(C)[C@H]1[C@@H]2C[C@@H]3[C@H](O)c4c(Cl)ccc(O)c4C(=O)C3C(=O)[C@]2(O)C(=O)C(C(N)=O)C1=O,0.28329173292069226
AGN-195183,0.0026536752,0.021538805,0.55674106,0.49955726,0.021359837,0.9791823,0.0050948923,0.27494922,0.6729269,0.61186785,0.697746,0.7763126,0.01693343,0.021470597,0.19790863,0.598805,0.70638055,0.69477695,0.5375145,0.0058684642,0.08314938,0.5927008,0.41049153,0.5315668,0.5793465,0.77857304,CC1(C)CCC(C)(C)c2c(Cl)c(O)c(cc12)C(=O)Nc1cc(F)c(C(O)=O)c(F)c1,0.4182852527192307
doripenem,0.4712917,0.90247375,0.6104493,0.5081759,0.9870903,0.99950135,0.21775,0.7156644,0.9322907,0.90996975,0.6664102,0.8163582,0.9169581,0.04351989,0.88167375,0.9757579,0.72810584,0.694903,0.51099956,0.023719346,0.31702816,0.90932584,0.41049153,0.72598267,0.59260744,0.47671178,C[C@@H](O)[C@@H]1[C@H]2[C@@H](C)C(S[C@@H]3CN[C@H](CNS(N)(=O)=O)C3)=C(N2C1=O)C(O)=O,0.6517388598461538
nifurtimox,0.10742782,0.5786207,0.66316223,0.5348786,0.63465375,0.95237124,0.02305357,0.3472297,0.77503926,0.75328296,0.81637985,0.8005218,0.45022723,0.062277164,0.826772,0.9905021,0.7691154,0.7245055,0.54316103,0.015602201,0.069707245,0.9490364,0.41049153,0.7524936,0.59083885,0.49329773,CC1CS(=O)(=O)CCN1N=Cc1ccc(o1)[N+]([O-])=O,0.562871133076923
fdcyd,0.024975447,0.091362074,0.62440205,0.5125182,0.048030302,0.98404586,0.0010492216,0.34851426,0.7608487,0.7370471,0.5708219,0.69227934,0.10342726,0.014261233,0.9398632,0.98047775,0.7033821,0.69477695,0.5041593,0.01747576,0.10516348,0.935307,0.41049153,0.76459837,0.615222,0.9923505,Nc1nc(=O)n(cc1F)[C@H]1C[C@H](O)[C@@H](CO)O1,0.5068019572153847
chlortetracycline,0.0064177713,0.109607935,0.50199014,0.49158165,0.13442925,0.98457646,0.00021877144,0.10521828,0.5688325,0.5323489,0.6039091,0.17241351,0.13145484,0.0023974904,0.20966193,0.11553894,0.69618493,0.69477695,0.45185712,0.0024903186,0.037230555,0.5866812,0.41049153,0.5315668,0.57484835,0.35627148,CN(C)[C@H]1[C@@H]2C[C@H]3C(C(=O)c4c(O)ccc(Cl)c4[C@@]3(C)O)C(=O)[C@]2(O)C(=O)C(C(N)=O)C1=O,0.3466537192976923
strontium-ranelate,0.025555776,0.313875,0.52473414,0.49100074,0.15583661,0.98862445,0.0077259075,0.3354464,0.6958344,0.67319715,0.6130612,0.8125757,0.22724266,0.01159939,0.4171861,0.43251503,0.69618493,0.69477695,0.47265294,0.013871754,0.8040253,0.68709624,0.41049153,0.62707114,0.57484835,0.35627148,O=C1CN(CC(=O)O[Sr]O1)c1sc2c(CC(=O)O[Sr]OC2=O)c1C#N,0.4639731256730769
solithromycin,0.3289504,0.813184,0.53753316,0.49186873,0.76238656,0.86156297,0.14393224,0.22189946,0.61788094,0.5559931,0.83419424,0.88983774,0.9523504,0.03954455,0.41067892,0.43507776,0.69618493,0.69477695,0.5076441,0.08734012,0.38566598,0.9358829,0.41049153,0.5693934,0.57484835,0.4167826,CC[C@H]1OC(=O)[C@@](C)(F)C(=O)[C@H](C)[C@@H](O[C@@H]2O[C@H](C)C[C@@H]([C@H]2O)N(C)C)[C@@](C)(C[C@@H](C)C(=O)[C@H](C)[C@H]2N(CCCCn3cc(nn3)-c3cccc(N)c3)C(=O)O[C@]12C)OC,0.5452263857692308
dolutegravir,0.23533028,0.6089012,0.7257315,0.5297822,0.9887096,0.9997266,0.0834587,0.8591864,0.87771267,0.853584,0.750866,0.8177572,0.5854449,0.36505198,0.9823303,0.9660289,0.7429485,0.708462,0.5295192,0.171916,0.7617035,0.9917617,0.7555065,0.8289685,0.6192598,0.877599,C[C@H]1CCO[C@H]2Cn3cc(C(=O)NCc4ccc(F)cc4F)c(=O)c(O)c3C(=O)N12,0.7006633511538461
elvitegravir,0.021806648,0.112684056,0.52257216,0.49179748,0.5061651,0.9858056,0.018445441,0.3051704,0.7125703,0.6770627,0.62947786,0.6097116,0.093624756,0.07248976,0.51896065,0.30752766,0.69618493,0.69477695,0.5106647,0.002906851,0.07976074,0.79151195,0.48813552,0.5707272,0.57484835,0.88815093,COc1cc2n(cc(C(O)=O)c(=O)c2cc1Cc1cccc(Cl)c1F)[C@H](CO)C(C)C,0.457059242
alvespimycin,0.04799347,0.5210217,0.53845096,0.4923349,0.8726704,0.98833895,0.023924269,0.26644313,0.8138945,0.7582465,0.79551524,0.669085,0.5410654,0.017905451,0.77934444,0.7958839,0.69618493,0.69477695,0.52162445,0.008310825,0.18772537,0.9733323,0.41049153,0.7386048,0.57484835,0.57174647,CO[C@H]1C[C@H](C)CC2=C(NCCN(C)C)C(=O)C=C(NC(=O)\C(C)=C\C=C/[C@H](OC)[C@@H](OC(N)=O)\C(C)=C\[C@H](C)[C@H]1O)C2=O,0.5499909301923077
flucloxacillin,0.037993696,0.19042473,0.5383199,0.49644402,0.61435103,0.9973974,0.0039911405,0.2708779,0.8406408,0.790571,0.7031111,0.5879599,0.12122287,0.01284291,0.23325,0.64976245,0.69618493,0.69477695,0.5036057,0.00047176718,0.05012504,0.35805655,0.47149026,0.7153776,0.5776182,0.6818381,Cc1onc(c1C(=O)N[C@H]1[C@H]2SC(C)(C)[C@@H](N2C1=O)C(O)=O)-c1c(F)cccc1Cl,0.45533484398769225
avatrombopag,0.44594607,0.85832715,0.86697626,0.6895339,0.9991721,0.9990644,0.8774595,0.6525722,0.7040772,0.6901405,0.8714071,0.9547706,0.85342884,0.06392024,0.9650586,0.9040025,0.77347845,0.75672215,0.5746814,0.044746175,0.60345024,0.9600277,0.9118888,0.94839704,0.8753746,0.98412675,OC(=O)C1CCN(CC1)c1ncc(cc1Cl)C(=O)Nc1nc(-c2cc(Cl)cs2)c(s1)N1CCN(CC1)C1CCCCC1,0.7626442486538463
isepamicin,0.0014465041,0.006800977,0.5056333,0.49209556,0.1261881,0.962885,0.010630206,0.12540959,0.4764632,0.4866248,0.5257734,0.15128691,0.0062752855,0.001273178,0.11171384,0.08025217,0.69618493,0.69477695,0.46871287,0.0003957172,0.014885183,0.21025813,0.41049153,0.5315668,0.57484835,0.35627148,CN[C@@H]1[C@@H](O)[C@@H](O[C@H]2[C@@H](C[C@H](N)[C@@H](O[C@H]3O[C@H](CN)[C@@H](O)[C@H](O)[C@H]3O)[C@@H]2O)NC(=O)[C@@H](O)CN)OC[C@]1(C)O,0.3088132292615384
API-1,0.016371474,0.13172732,0.5196828,0.49497327,0.0128168035,0.95699614,0.000440126,0.31044424,0.6878267,0.62778825,0.4255449,0.3258337,0.17028838,0.010084725,0.28538057,0.4231027,0.69618493,0.69477695,0.47156334,0.0005131065,0.011325351,0.58855665,0.41049153,0.5315668,0.57484835,0.5118679,NC(=O)c1cn([C@@H]2O[C@H](CO)[C@@H](O)[C@H]2O)c2ncnc(N)c2c1=O,0.3804229617692308
NSC-3852,0.087913215,0.4507612,0.64678544,0.5091987,0.93044215,0.99096453,0.2516955,0.6477239,0.7760556,0.6970052,0.73784524,0.8144677,0.5086048,0.13894846,0.45698115,0.57373375,0.7146749,0.69477695,0.51908857,0.0069836616,0.15198287,0.7575601,0.41049153,0.7914302,0.6989583,0.4076336,Oc1ccc([N+][O-])c2cccnc12,0.5527964314076923
benzyldimethyloctylammonium,0.991647,0.99462765,0.81096977,0.67797345,0.9985293,0.99839586,0.9082042,0.9803057,0.96817374,0.96325,0.9011833,0.9778625,0.99474454,0.81221765,0.9828488,0.9722453,0.8418826,0.81978905,0.6115336,0.8100514,0.99630725,0.995246,0.9722096,0.973327,0.90509295,0.9773258,CCCCCCCC[N+](C)(C)Cc1ccccc1,0.9167670773076924
tetroquinone,0.004256703,0.08867268,0.4961107,0.4916151,0.0012264001,0.1917194,2.1159112e-06,0.13576122,0.48666006,0.49809244,0.24878831,0.027143342,0.05688736,0.0016057595,0.029952627,0.026563738,0.69618493,0.69477695,0.39951754,1.7282753e-06,0.0016526358,0.03495808,0.41049153,0.5315668,0.57484835,0.35627148,OC1C(=O)C(=O)C(O)C(=O)C1=O,0.24943569152255768
loracarbef,0.07733373,0.6751123,0.70507264,0.5555326,0.9336824,0.99957687,0.49535853,0.8032826,0.8528908,0.8504552,0.7680386,0.9003544,0.42805302,0.09170382,0.9884907,0.99704474,0.76208735,0.717589,0.5369587,0.11448333,0.98374844,0.9865443,0.9037447,0.77019274,0.61251503,0.9392157,N[C@@H](C(=O)NC1C2CCC(Cl)=C(N2C1=O)C(O)=O)c1ccccc1,0.7095793169230767
doxycycline-hyclate,0.0141272005,0.15436924,0.5105653,0.49154434,0.23592272,0.8627394,0.0007991834,0.16406848,0.52516544,0.51447463,0.69231397,0.22642289,0.20061266,0.014562987,0.33125547,0.2493503,0.69618493,0.69477695,0.45730916,0.0006249913,0.085775495,0.4313907,0.41049153,0.5315668,0.57484835,0.35627148,CCO.C[C@@H]1[C@H]2[C@H](O)[C@H]3[C@H](N(C)C)C(=O)C(C(N)=O)C(=O)[C@@]3(O)C(=O)C2C(=O)c2c(O)cccc12.C[C@@H]1[C@H]2[C@H](O)[C@H]3[C@H](N(C)C)C(=O)C(C(N)=O)C(=O)[C@@]3(O)C(=O)C2C(=O)c2c(O)cccc12,0.3625974845076923
AC-261066,0.5256914,0.8860297,0.7601412,0.662371,0.13241784,0.9026195,0.18463072,0.81067884,0.8609556,0.8397879,0.8653609,0.92704123,0.92911583,0.32430267,0.949285,0.9358532,0.814795,0.7972963,0.5964162,0.95355886,0.97838074,0.982031,0.87235725,0.8488292,0.761754,0.93813807,CCCCOCCOc1nc(sc1C)-c1ccc(C(O)=O)c(F)c1,0.7707630442307694
cefalonium,0.16816458,0.67914367,0.62484205,0.5181436,0.1133263,0.834722,0.012641454,0.7373517,0.87407553,0.8624763,0.7736194,0.7028523,0.48332855,0.025100954,0.49857125,0.4471239,0.7628199,0.725859,0.5243049,0.02024544,0.35315314,0.9136497,0.41049153,0.7522576,0.6582713,0.3683813,NC(=O)c1cc[n+](CC2=C(N3[C@H](SC2)[C@H](NC(=O)Cc2cccs2)C3=O)C(O)=O)cc1,0.5324968210769232
abemaciclib,0.93261117,0.9438063,0.9227885,0.6375241,0.9965957,0.9998704,0.78699696,0.9815176,0.9615902,0.94411564,0.87834257,0.96621835,0.9851629,0.38373932,0.9993242,0.9985669,0.69618493,0.69477695,0.5536753,0.34353113,0.96111834,0.9968009,0.9390587,0.98027587,0.83349425,0.9967784,CCN1CCN(Cc2ccc(Nc3ncc(F)c(n3)-c3cc(F)c4nc(C)n(C(C)C)c4c3)nc2)CC1,0.858248676153846
piroctone-olamine,0.012886177,0.07274655,0.50994414,0.4960478,0.9501447,0.9520672,0.2613025,0.296517,0.8277147,0.7915587,0.70894855,0.76664007,0.094587825,0.026417453,0.58345246,0.2177535,0.69618493,0.69477695,0.50532675,0.011238814,0.25712326,0.90514004,0.41049153,0.5315668,0.57484835,0.35627148,CC(Cc1cc(C)cc(=O)n1O)CC(C)(C)C,0.4812191626538461
oxytetracycline,0.0009869594,0.013421143,0.5030819,0.49270797,0.0054192347,0.8984301,5.7876503e-05,0.11052256,0.5930849,0.56477344,0.5124428,0.0911246,0.011352232,0.00086779654,0.12504603,0.055931788,0.69618493,0.69477695,0.43394047,0.000102103666,0.0037839543,0.10816128,0.41049153,0.5315668,0.57484835,0.35627148,CN(C)[C@H]1[C@@H]2[C@@H](O)[C@H]3C(C(=O)c4c(O)cccc4C3(C)O)C(=O)[C@]2(O)C(=O)C(C(N)=O)C1=O,0.2995915068503462
WIN-18446,0.91872513,0.9749366,0.79425037,0.696404,0.9892196,0.9951132,0.8694356,0.9288341,0.92476857,0.9145824,0.86511767,0.94673276,0.97306526,0.66576964,0.9780959,0.9783691,0.8178483,0.80704755,0.6167521,0.8060154,0.9515377,0.9886686,0.67535824,0.9137963,0.8406381,0.62795204,ClC(Cl)C(=O)NCCCCCCCCNC(=O)C(Cl)Cl,0.8638090088461539
garenoxacin,0.22234373,0.6122659,0.5699772,0.4919056,0.6601511,0.99901056,0.04777647,0.45439968,0.7043762,0.64519334,0.73724395,0.88389945,0.5445292,0.013686773,0.7474483,0.87139034,0.7212922,0.69477695,0.5243892,0.0132753495,0.091931544,0.78709555,0.60020417,0.57164645,0.58398646,0.53266495,C[C@H]1NCc2cc(ccc12)-c1ccc2c(c1OC(F)F)n(cc(C(O)=O)c2=O)C1CC1,0.5510331006346154
pyrithione-zinc,0.8129251,0.95335674,0.84526104,0.60551226,0.9982096,0.9998703,0.9194587,0.6316916,0.8623266,0.8128422,0.6148141,0.7842357,0.9495547,0.24213587,0.9960121,0.99426234,0.713935,0.69477695,0.5189943,0.5691251,0.9510733,0.9993861,0.6666868,0.90928745,0.6613472,0.9846549,O1[n+]2ccccc2S[Zn]11O[n+]2ccccc2S1,0.7958360019230769
cytochlor,0.013504552,0.070926,0.5948574,0.5112241,0.018479737,0.9851403,0.00043221514,0.2750737,0.7708995,0.7388944,0.5541211,0.59551907,0.0860153,0.008361063,0.74972695,0.94484055,0.69618493,0.69477695,0.49763668,0.012909008,0.10019393,0.89104354,0.41049153,0.7244494,0.57484835,0.98081,Nc1nc(=O)n(cc1Cl)[C@H]1C[C@@H](O)[C@@H](CO)O1,0.4808215482746153
decitabine,0.45286706,0.5769857,0.8326187,0.58796823,0.31072083,0.98862165,0.006752843,0.80500805,0.8361613,0.81888,0.70598745,0.84271425,0.72470087,0.006505222,0.94460243,0.9643217,0.7636142,0.7202985,0.49982464,0.118722916,0.9083557,0.9889719,0.5755022,0.9422385,0.61448205,0.9731271,Nc1ncn([C@H]2C[C@H](O)[C@@H](CO)O2)c(=O)n1,0.6734828458076922
Ro-15-4513,0.14080217,0.6837937,0.76593983,0.5421804,0.62738407,0.9895974,0.046274915,0.4462499,0.7590039,0.7183911,0.825542,0.80068374,0.72601485,0.03845142,0.9160497,0.98354983,0.7347419,0.69739866,0.5329838,0.026679723,0.25265345,0.9487749,0.6995401,0.8668421,0.61460686,0.9928357,CCOC(=O)c1ncn-2c1CN(C)C(=O)c1cc(ccc-21)N=[N+]=[N-],0.6298833122307692
talmapimod,0.25032392,0.66159636,0.78168553,0.56888604,0.63295156,0.9875864,0.034202587,0.7641625,0.89357215,0.88777965,0.80321413,0.91449463,0.66081357,0.031051418,0.6730531,0.8178374,0.7837191,0.7448109,0.5705206,0.018464755,0.74661034,0.9032448,0.41049153,0.7803696,0.69975865,0.85545194,C[C@H]1CN([C@H](C)CN1Cc1ccc(F)cc1)C(=O)c1cc2c(cn(C)c2cc1Cl)C(=O)C(=O)N(C)C,0.6491020446153848
AL-8697,0.8935471,0.96435225,0.8809655,0.5949876,0.9976902,0.9999472,0.90603596,0.94959617,0.90767914,0.9025587,0.81976944,0.9479146,0.97095305,0.90969807,0.9938479,0.99866164,0.75430804,0.70867133,0.58071953,0.109258495,0.9440521,0.9980617,0.57317907,0.8797362,0.7992485,0.9928757,Cc1c(F)cc(cc1-c1c(F)cn2c(nnc2c1F)C(C)(C)C)C(=O)NC1CC1,0.8453198148076922
SU3327,0.7880598,0.8429219,0.8730855,0.6576919,0.99523216,0.9999021,0.7143399,0.9654498,0.89802366,0.8954067,0.73381346,0.8959295,0.82594347,0.61022997,0.9746515,0.99748456,0.7867097,0.7472893,0.5322933,0.7422832,0.9974005,0.9926535,0.67350465,0.8407254,0.691873,0.9995876,Nc1nnc(Sc2ncc(s2)[N+]([O-])=O)s1,0.8335571550000002
omadacycline,0.046061337,0.5563847,0.5467861,0.4916151,0.108639225,0.9986053,0.0076141986,0.2506532,0.6654972,0.6326979,0.7216506,0.75872767,0.6069913,0.0058184257,0.22369729,0.15477678,0.69618493,0.69477695,0.5344769,0.0040132864,0.05943758,0.48716226,0.41049153,0.6119044,0.57484835,0.36604965,CN(C)[C@H]1[C@@H]2C[C@@H]3Cc4c(cc(CNCC(C)(C)C)c(O)c4C(=O)C3C(=O)[C@]2(O)C(=O)C(C(N)=O)C1=O)N(C)C,0.4313677754884615
azomycin-(2-nitroimidazole),0.9895601,0.99334115,0.9661976,0.8044673,0.9846293,0.99994195,0.9740724,0.96511483,0.9095069,0.88738364,0.7142922,0.92064524,0.9972836,0.99841404,0.9999026,0.9975374,0.84587175,0.8259596,0.5271417,0.8712076,0.99978155,0.99903643,0.9970318,0.96960247,0.7916077,0.9999554,[O-][N+](=O)c1ncc[nH]1,0.9203648557692309
sulfanilate-zinc,0.5390159,0.77209467,0.61803013,0.5203775,0.96284986,0.9993794,0.599976,0.36941648,0.72928333,0.71932155,0.73571354,0.7910123,0.8504977,0.13409604,0.89891875,0.9717862,0.76063067,0.7173542,0.5367164,0.24059878,0.31094095,0.8286385,0.8940316,0.7202064,0.6412957,0.96835625,Nc1ccc(cc1)S(=O)(=O)O[Zn]OS(=O)(=O)c1ccc(N)cc1,0.6857899538461538
filanesib,0.13252568,0.78712505,0.58895683,0.5148293,0.7067149,0.9630525,0.05625946,0.4407514,0.74848866,0.70782655,0.78559387,0.9168974,0.68913597,0.09875234,0.7785861,0.73533094,0.7097503,0.69477695,0.5215876,0.07210246,0.49957764,0.9239072,0.41049153,0.7957889,0.57484835,0.92353666,CON(C)C(=O)N1N=C(S[C@@]1(CCCN)c1ccccc1)c1cc(F)ccc1F,0.6068151746153847
5-FP,0.99433064,0.9970906,0.89174837,0.6994662,0.9992101,0.999998,0.8877343,0.9884626,0.9466179,0.9304994,0.8459233,0.964179,0.9990369,0.9992766,0.9999194,0.99996865,0.7874882,0.7420182,0.58971065,0.99386954,0.9994764,0.99961036,0.9957883,0.98714036,0.8102749,0.9998184,Oc1ncc(F)cn1,0.9249483565384614
RX-3117,0.020706214,0.23104885,0.6262922,0.5056035,0.0023915593,0.12577364,0.000112536094,0.28777987,0.8203284,0.76241493,0.57709885,0.6054223,0.2623021,0.0012550892,0.18219975,0.31455365,0.7448483,0.7017213,0.490689,0.0015221889,0.026132625,0.68009603,0.41049153,0.6110872,0.57484835,0.6382236,Nc1ccn([C@H]2[C@H](O)[C@H](O)C(CO)=C2F)c(=O)n1,0.3924978293266923
enocitabine,0.93146396,0.9725902,0.83636224,0.76299256,0.9884199,0.98536366,0.82839394,0.94756275,0.91637915,0.9116888,0.86086607,0.90245104,0.97767717,0.9219377,0.905781,0.9555271,0.8266703,0.8157912,0.6125271,0.91096437,0.9730865,0.97844416,0.6553858,0.853518,0.83001083,0.90892076,CCCCCCCCCCCCCCCCCCCCCC(=O)Nc1ccn([C@@H]2O[C@H](CO)[C@@H](O)[C@@H]2O)c(=O)n1,0.8834913946153846
1-octacosanol,0.8912348,0.94055873,0.7570931,0.6990138,0.90749687,0.93162596,0.80226785,0.7893211,0.77165616,0.7733061,0.87375224,0.9046434,0.9306585,0.77583057,0.9367964,0.9470462,0.82357025,0.8140265,0.6310289,0.7263737,0.8031411,0.95755744,0.78935003,0.87023515,0.8569461,0.49308145,CCCCCCCCCCCCCCCCCCCCCCCCCCCCO,0.8229850923076923
aldoxorubicin,0.06796667,0.49109027,0.5178387,0.5005564,0.033946995,0.8960015,0.0045317607,0.20893885,0.65939206,0.60135126,0.69462633,0.49208137,0.662475,0.016538333,0.20181225,0.22136973,0.69618493,0.69477695,0.5100761,0.0038582068,0.03225592,0.3259109,0.41049153,0.5315668,0.57484835,0.36614373,COc1cccc2C(=O)c3c(O)c4C[C@](O)(C[C@H](O[C@H]5C[C@H](N)[C@H](O)[C@H](C)O5)c4c(O)c3C(=O)c12)C(\CO)=N\NC(=O)CCCCCN1C(=O)C=CC1=O,0.400639649826923
MK-2048,0.04023754,0.18512288,0.53008044,0.49633536,0.09920555,0.99890447,0.0022567916,0.37303996,0.8081699,0.7358501,0.62435865,0.68372,0.18233518,0.008964218,0.4858826,0.5055213,0.69618493,0.69477695,0.52056193,0.01212395,0.26459473,0.79115915,0.41049153,0.5315668,0.57484835,0.5865967,CCN1C[C@H](C)n2c(c(O)c3c2c(nn(Cc2ccc(F)c(Cl)c2)c3=O)C(=O)NC)C1=O,0.455495767676923
NS-309,0.12563036,0.33323747,0.56874955,0.49215403,0.9418075,0.9981092,0.048235357,0.7012139,0.7756499,0.72458416,0.7833338,0.8818854,0.43836153,0.019266838,0.85723865,0.38888773,0.7333381,0.69477695,0.52910745,0.003599236,0.018213835,0.8414168,0.41049153,0.7874843,0.5782969,0.5316058,ON=C1C(=O)Nc2c1ccc(Cl)c2Cl,0.5464106259999999
azimilide,0.81784105,0.9548732,0.7604631,0.6186895,0.6976466,0.9906426,0.42721537,0.9038991,0.9089639,0.91093844,0.7880236,0.9028596,0.96089953,0.10242493,0.8311027,0.9670203,0.8026185,0.77698594,0.5746164,0.99318874,0.93367743,0.9463477,0.90869725,0.8696121,0.7615654,0.9338158,CN1CCN(CCCCN2C(=O)CN(\N=C\c3ccc(o3)-c3ccc(Cl)cc3)C2=O)CC1,0.8094087992307692
tandospirone,0.9858328,0.9890561,0.85364527,0.6601699,0.9944404,0.9994711,0.86529917,0.9564702,0.97063386,0.9680329,0.8459791,0.94121164,0.9943739,0.9697066,0.9938923,0.9973086,0.7966902,0.7658334,0.5485928,0.7686266,0.99181503,0.9973902,0.8559792,0.92521125,0.8013145,0.99832183,O=C1[C@H]2[C@@H]3CC[C@@H](C3)[C@H]2C(=O)N1CCCCN1CCN(CC1)c1ncccn1,0.9013576480769233
FRAX486,0.7697303,0.97219527,0.8143387,0.6417533,0.9535602,0.9991768,0.5401998,0.80798894,0.9057672,0.8984391,0.8192546,0.87284327,0.97842216,0.0780994,0.88867587,0.9839228,0.7299555,0.69567245,0.56886035,0.013680711,0.7417294,0.9499776,0.58586013,0.8681492,0.7191248,0.99463,CCn1c2nc(Nc3ccc(N4CCNCC4)c(F)c3)ncc2cc(-c2ccc(Cl)cc2Cl)c1=O,0.7612310711923077
fomocaine,0.98737293,0.99430275,0.7141918,0.59390956,0.8764082,0.9685112,0.61012197,0.73086077,0.8733141,0.8533428,0.8895419,0.92331207,0.99254864,0.055217724,0.8203809,0.71866566,0.7801604,0.7492956,0.58143806,0.26969734,0.56626457,0.96621656,0.41049153,0.7794835,0.73564076,0.42280868,C(CN1CCOCC1)Cc1ccc(COc2ccccc2)cc1,0.7255192297692308
GS-9973,0.97703665,0.9879873,0.8155688,0.57533044,0.98789716,0.9994241,0.8534743,0.76950437,0.88439435,0.83672583,0.835368,0.92008406,0.9965389,0.91183275,0.9985707,0.99723333,0.7070532,0.69477695,0.57173026,0.71381557,0.99777526,0.9970796,0.96427435,0.9350191,0.82653713,0.9994966,C1CN(CCO1)c1ccc(Nc2nc(cn3ccnc23)-c2ccc3cn[nH]c3c2)cc1,0.8751741946153848
tirasemtiv,0.79509044,0.979802,0.78909785,0.51704067,0.99846774,0.9999243,0.88551563,0.9043539,0.85683566,0.8343168,0.82203215,0.91799366,0.9943785,0.96307623,0.9997534,0.99983597,0.71221304,0.69477695,0.5294564,0.9227049,0.99538416,0.995902,0.9846154,0.97267103,0.691906,0.99849117,CCC(CC)n1c2nc(cnc2[nH]c1=O)C#C,0.8752167673076924
indeloxazine,0.709954,0.96948516,0.62369835,0.51891816,0.96857464,0.99406815,0.8760144,0.3253418,0.7568906,0.7170063,0.814817,0.89957297,0.9478076,0.23315237,0.93584335,0.9347173,0.72849256,0.69556034,0.5469892,0.9745344,0.9971474,0.9966935,0.80196965,0.77252734,0.61443883,0.5866042,C(Oc1cccc2C=CCc12)C1CNCCO1,0.7669545988461539
pyrantel-tartrate,0.99370766,0.997875,0.9017797,0.7786999,0.99771404,0.99985826,0.95774424,0.78653187,0.90804327,0.9091544,0.84046686,0.96040857,0.9977356,0.96149594,0.99864143,0.9974291,0.8208088,0.7824257,0.59314823,0.26630512,0.9941302,0.9978794,0.86996067,0.96833694,0.85208905,0.9954389,CN1CCCN=C1\C=C\c1cccs1,0.8895311096153846
barium-6-O-phosphonato-D-glucose,0.0017454711,0.005471329,0.5055836,0.5009042,0.0024725175,0.1795378,0.00019813585,0.15658405,0.560024,0.55285114,0.3807368,0.09674675,0.004720439,0.0031195267,0.04801363,0.04663135,0.7135441,0.69477695,0.49624395,0.0004212214,0.0053664483,0.040288072,0.41049153,0.5315668,0.57484835,0.35627148,O[C@H](COP(O)(O)=O)[C@@H](O)[C@H](O)[C@@H](O)C=O,0.264198447725
O4I1,0.954532,0.9906859,0.8641352,0.7663789,0.99605894,0.99970704,0.97599196,0.8518689,0.8140699,0.815762,0.86183625,0.95588905,0.9743902,0.99242604,0.9982255,0.999464,0.8006906,0.779987,0.6177789,0.99893564,0.9984819,0.99736905,0.99827576,0.9556021,0.89211804,0.99980074,COc1ccc(COc2ccc(CC#N)cc2)cc1,0.9173254426923076
PFI-1,0.98002094,0.99509746,0.72788316,0.52388376,0.9880767,0.9999826,0.3535154,0.86347467,0.9231091,0.905276,0.8170608,0.9532665,0.99515474,0.07695226,0.98135155,0.99414057,0.70440316,0.69477695,0.5360935,0.057315096,0.92593837,0.9887869,0.717608,0.7578939,0.6793484,0.9879894,COc1ccccc1S(=O)(=O)Nc1ccc2NC(=O)N(C)Cc2c1,0.7741692263846153
phenol,0.0651342,0.43943074,0.55841506,0.5220479,0.31844264,0.49890083,0.11342611,0.2963735,0.5819323,0.55945396,0.7812957,0.7291741,0.27498564,0.035916526,0.17592688,0.10017696,0.75512236,0.7107901,0.5512882,0.0259532,0.124046184,0.76933265,0.41049153,0.5343954,0.57484835,0.35627148,Oc1ccccc1,0.4178297115384614
cis-urocanic acid,0.92038935,0.98940724,0.77206784,0.60049236,0.98516095,0.9935986,0.6350858,0.92456627,0.9004507,0.9053542,0.8915986,0.9656943,0.9912136,0.7640211,0.8872333,0.9904373,0.81202066,0.7881657,0.555887,0.38998663,0.9934564,0.9983094,0.41049153,0.84021807,0.7433312,0.9731705,OC(=O)\C=C/c1c[nH]cn1,0.8316080230769232
cis-urocanic-acid,0.92038935,0.98940724,0.77206784,0.60049236,0.98516095,0.9935986,0.6350858,0.92456627,0.9004507,0.9053542,0.8915986,0.9656943,0.9912136,0.7640211,0.8872333,0.9904373,0.81202066,0.7881657,0.555887,0.38998663,0.9934564,0.9983094,0.41049153,0.84021807,0.7433312,0.9731705,OC(=O)\C=C\c1c[nH]cn1,0.8316080230769232
beta-glycerophosphoric-acid,0.00013061613,0.00078278914,0.49161,0.4916151,2.7148357e-05,0.0012357027,5.8689566e-06,0.099336036,0.48721215,0.49816054,0.30687243,0.038935266,0.00046082685,0.00040866094,0.016469873,0.010629363,0.69618493,0.69477695,0.45143935,3.3777444e-06,0.00013260674,0.004764805,0.41049153,0.5315668,0.57484835,0.35627148,OCC(CO)OP(O)(O)=O,0.23709125194453845
CL-225385,0.88042015,0.95789355,0.61682624,0.52084905,0.16361104,0.8059898,0.14814086,0.7036173,0.8411419,0.8246369,0.7933555,0.91729873,0.9446022,0.030801332,0.8086072,0.95483357,0.7248571,0.6958008,0.5289096,0.47964355,0.858347,0.99197805,0.6060869,0.81279683,0.6588402,0.9197656,O=C(CC#N)c1ccccc1,0.6996019596923078
3-indolebutyric-acid,0.8023367,0.9136874,0.67246366,0.5628605,0.96080226,0.9959137,0.7644424,0.85550636,0.9189859,0.90501904,0.90038586,0.9702261,0.930672,0.85371065,0.9858679,0.9879209,0.7946235,0.7570913,0.59198856,0.08095663,0.90474623,0.98169637,0.49300832,0.923696,0.8308502,0.8949656,OC(=O)CCCc1c[nH]c2ccccc12,0.8167086169230771
fosfosal,0.010274249,0.037767746,0.5086744,0.49757347,0.0052451794,0.56042594,0.00029009502,0.18281502,0.53299916,0.5147949,0.48022044,0.120468006,0.055463947,0.009188435,0.12595226,0.090948425,0.69618493,0.69477695,0.4381273,0.0013719049,0.033322316,0.5470094,0.41049153,0.5315668,0.57484835,0.33814624,OC(=O)c1ccccc1OP(O)(O)=O,0.30765182282
GSK-37647,0.27347487,0.75916266,0.5802126,0.5168381,0.19866835,0.98793554,0.013393832,0.40923056,0.7758484,0.69607484,0.7212602,0.77859175,0.8065417,0.013664891,0.8427349,0.8955832,0.7114667,0.69477695,0.53352493,0.029630756,0.51509875,0.9469617,0.48245937,0.7127994,0.6045092,0.6531405,COc1ccc(cc1)S(=O)(=O)Nc1c(C)cc(C)cc1C,0.5828301788076924
BAY-11-7085,0.69758785,0.95653576,0.72080666,0.5857685,0.5498646,0.985465,0.098017,0.77814466,0.86866575,0.84417456,0.7369617,0.9036906,0.9560483,0.035697117,0.9548078,0.98173046,0.7729084,0.7407351,0.5329509,0.0925067,0.4904706,0.87157476,0.53807384,0.8117451,0.6399882,0.97978824,CC(C)(C)c1ccc(cc1)S(=O)(=O)\C=C\C#N,0.6971041598846153
naratriptan,0.26223207,0.5419259,0.5698239,0.5190137,0.5391069,0.9477352,0.0922469,0.29445106,0.72904456,0.6685879,0.7916803,0.7579608,0.540962,0.066191345,0.3689026,0.77580434,0.7090438,0.69477695,0.5374644,0.002952908,0.050223768,0.59506667,0.41049153,0.6887465,0.6036022,0.45551524,CNS(=O)(=O)CCc1ccc2[nH]cc(C3CCN(C)CC3)c2c1,0.5082135938846154
PF-06447475,0.6910161,0.9496417,0.6941616,0.5317899,0.80360234,0.9913019,0.35943833,0.28847396,0.7944739,0.76016563,0.71376747,0.8483352,0.9488355,0.12512434,0.9435022,0.95629126,0.69618493,0.69477695,0.5323944,0.011973864,0.37544104,0.8728104,0.43865085,0.6824596,0.5749255,0.9978383,N#Cc1cccc(c1)-c1c[nH]c2ncnc(N3CCOCC3)c12,0.6645145063076922
ABT-239,0.46465227,0.8699224,0.8013034,0.6697463,0.97707224,0.9937218,0.6876095,0.75083864,0.8847996,0.8686609,0.8692438,0.93839854,0.7184117,0.13525346,0.93082356,0.89703524,0.8010102,0.7863654,0.62290925,0.10958018,0.6113712,0.78227866,0.8392864,0.8527172,0.8344253,0.71822953,C[C@@H]1CCCN1CCc1cc2cc(ccc2o1)-c1ccc(cc1)C#N,0.7467564103846153
SB-203186,0.9520659,0.9925689,0.83759034,0.70888937,0.9905855,0.99887747,0.9746176,0.9655051,0.9639336,0.9514613,0.8611473,0.9568789,0.9879259,0.99541974,0.9962171,0.997783,0.78246564,0.75066406,0.58777744,0.87913465,0.9967289,0.99614584,0.9827681,0.9175525,0.8234341,0.9986351,O=C(OCCN1CCCCC1)c1c[nH]c2ccccc12,0.9171835903846155
VP-20629,0.7528617,0.93956226,0.6974718,0.53484964,0.949457,0.9943433,0.78391206,0.9176948,0.94522285,0.93574387,0.8961655,0.9629343,0.91811144,0.5223785,0.98406994,0.9611291,0.75863856,0.71536356,0.54741156,0.19379884,0.9901232,0.9932841,0.4703694,0.8762647,0.75038356,0.9743062,OC(=O)CCc1c[nH]c2ccccc12,0.8063789130769231
diarylpropionitrile,0.8932757,0.9803947,0.79345036,0.64889985,0.93009454,0.9987445,0.2803204,0.52091503,0.7127056,0.6520574,0.85907924,0.9327357,0.97782964,0.5393657,0.9845936,0.9983657,0.7383538,0.69477695,0.6070342,0.9794112,0.9960226,0.99845254,0.8712314,0.8007874,0.7526599,0.9925649,Oc1ccc(CC(C#N)c2ccc(O)cc2)cc1,0.8128508673076923
BAY-11-7082,0.44335583,0.90092903,0.7524145,0.64984673,0.099395,0.97743386,0.061487366,0.3415911,0.6234998,0.62531507,0.738924,0.8904845,0.8958895,0.029205967,0.9111347,0.91451854,0.7628703,0.7336771,0.566171,0.05979468,0.65982825,0.8668253,0.80062777,0.86995083,0.68392694,0.9676434,Cc1ccc(cc1)S(=O)(=O)\C=C\C#N,0.647182348576923
BU-239,0.99691004,0.9980698,0.914324,0.7428106,0.9923552,0.99977726,0.9030907,0.9842679,0.95606476,0.94884044,0.8686082,0.9827282,0.99751544,0.92990667,0.9998473,0.998705,0.7693026,0.73171073,0.5952248,0.99825054,0.9998971,0.9995734,0.94437903,0.9821921,0.81258416,0.99817574,C1CN=C(N1)c1cnc2ccccc2n1,0.9248119888461539
S18986,0.3255105,0.77647173,0.6684796,0.5163699,0.5769903,0.99684393,0.025010053,0.42026293,0.8282572,0.7703373,0.6724228,0.9078464,0.8051619,0.3672519,0.9975376,0.99368,0.69618493,0.69477695,0.50629926,0.113737874,0.9774779,0.98849094,0.45051935,0.97136724,0.57484835,0.74201053,O=S1(=O)N[C@H]2CCCN2c2ccccc12,0.6678518218076923
afobazole,0.66859406,0.81434643,0.76493293,0.60028404,0.77369153,0.97687656,0.20524257,0.6783499,0.86349857,0.83606285,0.8047926,0.90969443,0.8635824,0.024462866,0.37623692,0.9239238,0.8063991,0.7884653,0.60896415,0.1605542,0.45730585,0.9456962,0.42982706,0.8782962,0.7663273,0.6028697,CCOc1ccc2[nH]c(SCCN3CCOCC3)nc2c1,0.6742029813846154
ADD-233089,0.0588437,0.40127397,0.7954371,0.602781,0.9662597,0.99926394,0.079605654,0.40767804,0.8031057,0.767098,0.7380339,0.74330044,0.3925589,0.04296459,0.9104903,0.8773,0.76767755,0.74380505,0.5455938,0.012510565,0.76175725,0.9702517,0.72011614,0.8139743,0.68372834,0.99202126,Clc1ccc(cc1)N1CC(=NC1=O)N1CCOCC1,0.6383627265
blebbistatin-(+/-),0.017583348,0.14435396,0.5378281,0.5146103,0.03213549,0.98065245,0.0026886757,0.40113115,0.6062625,0.5647093,0.72821176,0.5600765,0.09389292,0.0045266068,0.2248715,0.537896,0.69618493,0.69477695,0.53040767,0.0028629536,0.016019313,0.53330815,0.41049153,0.6931957,0.57484835,0.37144232,Cc1ccc2N=C3N(CCC3(O)C(=O)c2c1)c1ccccc1,0.4028834010423077
blebbistatin-(-),0.017583348,0.14435396,0.5378281,0.5146103,0.03213549,0.98065245,0.0026886757,0.40113115,0.6062625,0.5647093,0.72821176,0.5600765,0.09389292,0.0045266068,0.2248715,0.537896,0.69618493,0.69477695,0.53040767,0.0028629536,0.016019313,0.53330815,0.41049153,0.6931957,0.57484835,0.37144232,Cc1ccc2N=C3N(CC[C@@]3(O)C(=O)c2c1)c1ccccc1,0.4028834010423077
D-64131,0.609964,0.85114557,0.5285312,0.51168126,0.27853894,0.9802924,0.04537101,0.23944338,0.6595836,0.6420761,0.7682377,0.838394,0.87191784,0.028409777,0.21438195,0.75030476,0.73710245,0.70842624,0.5379124,0.01451906,0.22714664,0.9158962,0.41049153,0.76452434,0.57484835,0.63404536,COc1ccc2[nH]c(cc2c1)C(=O)c1ccccc1,0.5516610021923077
gestrinone,0.0054191966,0.052901495,0.53974396,0.50641483,0.6696251,0.9873492,0.011207854,0.4957368,0.87196386,0.8314449,0.80156004,0.7577703,0.040642057,0.011200738,0.20041536,0.69197375,0.69618493,0.69477695,0.5424085,0.0019795746,0.0651488,0.6984361,0.41049153,0.6123021,0.57484835,0.38108158,CC[C@]12C=CC3=C4CCC(=O)C=C4CC[C@H]3[C@@H]1CC[C@@]2(O)C#C,0.46742414827692297
thiopental,0.064641036,0.57886577,0.5357451,0.4929664,0.42332935,0.9834093,0.013673712,0.60916084,0.8588265,0.84375006,0.647795,0.54398704,0.5408124,0.024384864,0.6307225,0.2690747,0.69618493,0.69477695,0.51327777,0.04749701,0.07964239,0.9044657,0.41049153,0.7092222,0.57484835,0.9642365,CCCC(C)C1(CC)C(=O)NC(S)=NC1=O,0.5252226116153845
tibolone,0.08190826,0.3251056,0.55435055,0.50277144,0.3234663,0.9722964,0.023319228,0.4505411,0.64194053,0.58965784,0.7911406,0.77019256,0.23713602,0.019950364,0.3135922,0.37730256,0.72662246,0.7031722,0.532786,0.0033973726,0.3287184,0.8629077,0.41049153,0.5726255,0.5808219,0.4457167,C[C@@H]1CC2=C(CCC(=O)C2)[C@H]2CC[C@@]3(C)[C@H](CC[C@@]3(O)C#C)C12,0.46699735825384614
obatoclax,0.07655837,0.51679367,0.60024714,0.518023,0.032280922,0.7635731,0.0030274405,0.20191835,0.5431138,0.5148857,0.7190395,0.72514147,0.8158188,0.022009429,0.7381337,0.833536,0.69618493,0.69477695,0.53670704,0.010288233,0.34092215,0.93744534,0.47887236,0.6652431,0.57484835,0.6343738,COC1=CC(=N\C\1=C/c1[nH]c(C)cc1C)c1cc2ccccc2[nH]1,0.5074524094038462
para-toluenesulfonamide,0.054753833,0.2131844,0.51106995,0.50396067,0.20592403,0.99068135,0.0017166237,0.21544404,0.62093437,0.60305464,0.5112126,0.40693575,0.517761,0.0062335655,0.16749428,0.15521348,0.69618493,0.69477695,0.48704323,0.00059203047,0.018225115,0.2734658,0.41049153,0.5694741,0.57484835,0.3954412,Cc1ccc(cc1)S(N)(=O)=O,0.3771583776026924
belinostat,0.34032398,0.92144334,0.77170485,0.6441636,0.9969543,0.9981724,0.47433975,0.8135955,0.9052424,0.9005219,0.81136614,0.86408883,0.86182904,0.5627667,0.8578829,0.9556375,0.79271674,0.77036005,0.55408597,0.045793742,0.7779896,0.8629507,0.6463694,0.8657523,0.7269058,0.84904146,ONC(=O)\C=C\c1cccc(c1)S(=O)(=O)Nc1ccccc1,0.7527691881538463
reparixin,0.20193776,0.57122445,0.584809,0.50999653,0.87366146,0.9823298,0.06257538,0.4276805,0.73677325,0.69833505,0.7589852,0.75945073,0.63867515,0.03935512,0.84976286,0.86315364,0.75908375,0.71868426,0.5317316,0.048667345,0.10823171,0.84861755,0.41049153,0.74085605,0.58948946,0.43146664,CC(C)Cc1ccc(cc1)[C@@H](C)C(=O)NS(C)(=O)=O,0.5671548375
desoxypeganine,0.95536333,0.9940811,0.8117858,0.54602164,0.9999813,0.9999989,0.995765,0.89517844,0.8548321,0.7934952,0.87257284,0.95704067,0.9970356,0.48166648,0.9973157,0.99973124,0.76580656,0.69714904,0.58789504,0.8642845,0.99910337,0.9985183,0.9175021,0.97757566,0.82243013,0.99757034,C1CN2Cc3ccccc3N=C2C1,0.8761423223076924
TY-52156,0.11784469,0.5376808,0.8227941,0.5540521,0.9923947,0.9997311,0.38469753,0.26393637,0.73454577,0.6825275,0.78458166,0.86228514,0.7627426,0.20154884,0.9507933,0.98622096,0.75631595,0.7224252,0.53951657,0.020573575,0.44276235,0.97190607,0.8685576,0.8577757,0.662771,0.9925706,CC(C)(C)C(=O)C(\NNc1ccc(Cl)cc1)=N\c1ccc(Cl)cc1,0.6720596836538462
ambazone,0.9970402,0.99912566,0.9701322,0.91383463,0.9999641,0.9999356,0.9979151,0.99608755,0.9824735,0.98404354,0.88165396,0.9737037,0.99905163,0.9996086,0.99986196,0.9997917,0.8182919,0.7994441,0.6246643,0.99934953,0.9997029,0.9989993,0.98904026,0.9909464,0.9374149,0.99990726,NC(=N)N=Nc1ccc(NNC(S)=N)cc1,0.9558455569230767
FIT,0.7111538,0.96107054,0.81491524,0.64012736,0.99426585,0.99860185,0.9304194,0.8538544,0.83086294,0.80264354,0.8651389,0.92751676,0.9711519,0.8677265,0.9862872,0.9730785,0.79218173,0.7656027,0.5936202,0.26123452,0.89853203,0.9879211,0.637014,0.8014512,0.8196082,0.9253706,CCC(=O)N(C1CCN(CCc2ccc(cc2)N=C=S)CC1)c1ccccc1,0.8312058061538461
AH-7614,0.02159052,0.4715981,0.5117519,0.50465685,0.09435237,0.9549315,0.005234743,0.48005053,0.8281366,0.7832986,0.6579392,0.6933682,0.52056116,0.010590096,0.7369982,0.7676884,0.69618493,0.69477695,0.52358973,0.0018822888,0.08155593,0.90086347,0.42344412,0.70858717,0.57484835,0.87157273,Cc1ccc(cc1)S(=O)(=O)NC1c2ccccc2Oc2ccccc12,0.5200020245307692
etonogestrel,0.030307276,0.28438017,0.5195771,0.49365208,0.325729,0.97915024,0.014193447,0.31667,0.7383446,0.6459738,0.7910341,0.8142477,0.30856925,0.0072352015,0.24546899,0.35470623,0.69618493,0.69477695,0.58518606,0.00090640085,0.009017543,0.7346677,0.41049153,0.60972124,0.5953744,0.3589345,CCC12CC(=C)C3C(CCC4=CC(=O)CCC34)C1CC[C@@]2(O)C#C,0.444788478398077
BRL-44408,0.29036248,0.6939107,0.73841393,0.53387046,0.7449052,0.9691862,0.14895438,0.5256112,0.70288455,0.67313355,0.85640424,0.9239823,0.7423448,0.06337336,0.9815471,0.9773606,0.7884073,0.7642101,0.60054976,0.13627927,0.884232,0.970403,0.46870786,0.88739485,0.76613414,0.9141994,CC1N(CC2=NCCN2)Cc2ccccc12,0.6825677973076923
A-366,0.9942674,0.9973304,0.8399494,0.70363843,0.9858212,0.99500054,0.8694421,0.96355283,0.94136816,0.9396883,0.8700945,0.975773,0.99777657,0.98672926,0.99887425,0.9995802,0.79148144,0.7551795,0.5388939,0.99851507,0.9940911,0.99885297,0.99321246,0.92451173,0.7955672,0.99781823,COc1cc2c(cc1OCCCN1CCCC1)N=C(N)C21CCC1,0.9171926976923077
AH11110,0.8072446,0.8662778,0.5195797,0.49661028,0.94054615,0.98940104,0.16233024,0.7913007,0.8318974,0.78835404,0.7957729,0.90878165,0.88224316,0.10412351,0.93863404,0.8368622,0.7025036,0.69477695,0.52137756,0.2502968,0.46481517,0.91966796,0.4754684,0.63810223,0.57484835,0.7999521,OC(COc1ccccc1-c1ccccc1)CC(=N)N1CCCCC1,0.6808372511538461
fosfestrol,0.20850676,0.6560346,0.63635004,0.53290087,0.7369866,0.97857887,0.04939018,0.572329,0.7640822,0.7557576,0.7520627,0.73722804,0.48887798,0.020404028,0.19895957,0.47108632,0.7869799,0.7567026,0.5730395,0.017398378,0.27688426,0.8893699,0.41049153,0.6798927,0.6817982,0.7942573,CC\C(c1ccc(OP(O)(O)=O)cc1)=C(\CC)c1ccc(OP(O)(O)=O)cc1,0.5548596009999999
pifithrin-mu,0.14534578,0.47775117,0.5534303,0.52926123,0.67169446,0.93726575,0.13659792,0.5015351,0.74266374,0.74115455,0.65215427,0.75199634,0.39163926,0.017138088,0.14455931,0.15148209,0.79653525,0.7624014,0.519992,0.005113511,0.073300675,0.4681629,0.41049153,0.5503037,0.57484835,0.35406464,NS(=O)(=O)C#Cc1ccccc1,0.46388012746153845
BTS,0.32097828,0.8381277,0.7581618,0.6195241,0.6239539,0.9450018,0.1380735,0.66704684,0.85536784,0.84028566,0.8505228,0.88734704,0.7237004,0.015777912,0.8864847,0.9505712,0.78172535,0.7555961,0.5944768,0.05544637,0.35493818,0.8716677,0.41049153,0.7649197,0.6941967,0.9605828,Cc1ccc(cc1)S(=O)(=O)NCc1ccccc1,0.6601910270000002
thiamylal,0.033740718,0.2883948,0.585401,0.50675863,0.5190953,0.98192376,0.017571095,0.45343825,0.7427991,0.6897145,0.6223448,0.49999246,0.3202039,0.039963286,0.88346946,0.5983234,0.69618493,0.69477695,0.516051,0.008165809,0.13997282,0.8945361,0.41049153,0.74726886,0.57484835,0.92431825,CCCC(C)C1(CC=C)C(=O)NC(S)=NC1=O,0.5149903483846153
AFN-1252,0.857675,0.95785594,0.7777575,0.57624614,0.99912363,0.9998932,0.7755929,0.55405676,0.85548687,0.82600087,0.8038566,0.94215375,0.92584324,0.6666036,0.97813135,0.9939697,0.7751089,0.7475849,0.5470159,0.29599553,0.96505904,0.986328,0.8604901,0.9216876,0.7799711,0.99014294,CN(Cc1oc2ccccc2c1C)C(=O)\C=C\C1=CNC2=NC(=O)CCC2=C1,0.8215242715384614
xilobam,0.9913932,0.9943145,0.86964,0.6520623,0.9951944,0.9999995,0.9669284,0.93713075,0.9441295,0.9344395,0.8240573,0.9756383,0.9961241,0.9993685,0.99994135,0.9999782,0.7277825,0.69477695,0.57966244,0.9992568,0.99954695,0.99971324,0.9995116,0.989947,0.890587,0.99996376,CN1CCC\C1=N\C(=O)Nc1c(C)cccc1C,0.9215803092307691
2-BFI,0.9129522,0.97927755,0.8135331,0.62047374,0.82435656,0.99844426,0.93320733,0.91337144,0.90810746,0.89975363,0.8488992,0.9427534,0.9756361,0.64204866,0.99653745,0.99917513,0.7538691,0.7119362,0.60728437,0.98907554,0.99528414,0.991321,0.7559552,0.9361495,0.78171724,0.9973399,C1CN=C(N1)c1cc2ccccc2o1,0.874171515384615
allylthiourea,0.8128754,0.9199181,0.846751,0.7184737,0.98955274,0.9990326,0.6631513,0.70268106,0.832409,0.8319553,0.81357586,0.9325568,0.929219,0.9713634,0.989181,0.9994203,0.80609167,0.77681315,0.52982545,0.88976705,0.973974,0.98672485,0.46475658,0.796752,0.7355573,0.98874635,NC(S)=NCC=C,0.84235096
glasdegib,0.9977458,0.99914956,0.94974077,0.808398,0.99993336,0.9999871,0.9917236,0.98764104,0.9650021,0.95588064,0.8846476,0.9875695,0.99951446,0.986871,0.99983644,0.9998692,0.7593771,0.7207591,0.5843929,0.7435518,0.99980325,0.9998447,0.99774003,0.9843227,0.92440414,0.99994445,CN1CC[C@H](C[C@@H]1c1nc2ccccc2[nH]1)NC(=O)Nc1ccc(cc1)C#N,0.9318327053846153
oxantel,0.9820025,0.9963696,0.9035144,0.73078334,0.9876488,0.99785465,0.80515015,0.95894456,0.9423998,0.9459078,0.86725765,0.9749936,0.99770653,0.89776236,0.9973532,0.99757034,0.8123995,0.77900726,0.57657856,0.98038965,0.99985504,0.9992393,0.9626037,0.9837884,0.88147545,0.99951446,CN1CCCN=C1\C=C\c1cccc(O)c1,0.9214642538461538
LY-404187,0.9221202,0.9773701,0.81451255,0.677596,0.9432627,0.979157,0.50147927,0.71161914,0.8286623,0.81512153,0.85413015,0.91920006,0.97386557,0.086337656,0.78317916,0.88826823,0.79165107,0.7644234,0.6000708,0.04896758,0.83657753,0.9266135,0.5208062,0.806981,0.7666842,0.8138559,CC(CNS(=O)(=O)C(C)C)c1ccc(cc1)-c1ccc(cc1)C#N,0.7520197229230767
cirazoline,0.98982424,0.99763834,0.9097404,0.79148054,0.99997234,0.9999913,0.999116,0.9621231,0.96329767,0.9561376,0.9178868,0.9893177,0.9976228,0.99681795,0.9999746,0.99985254,0.76250553,0.7277418,0.550849,0.99993944,0.99998975,0.9998555,0.9999893,0.99359107,0.9220455,0.99998,C(Oc1ccccc1C1CC1)C1=NCCN1,0.9395108003846152
phenacaine,0.082615815,0.27083495,0.7436488,0.5748454,0.498047,0.98917985,0.050869726,0.35768935,0.7830757,0.71828353,0.7735761,0.8319074,0.2587643,0.03732495,0.7413416,0.962861,0.77334565,0.75181115,0.5860413,0.0069945194,0.12851937,0.8476358,0.43176633,0.8536449,0.6830066,0.96454066,CCOc1ccc(NC(C)=Nc2ccc(OCC)cc2)cc1,0.5654681442461539
PSB-11,0.6615841,0.9220567,0.8949226,0.6856336,0.97089684,0.99986637,0.09364261,0.7048852,0.8333634,0.7891297,0.84489626,0.94392246,0.9032374,0.08341807,0.9615176,0.98717475,0.7782287,0.75924337,0.57580346,0.13093847,0.9823142,0.9848166,0.91240543,0.9474573,0.7857959,0.9999143,CC[C@@H]1CN2C(=N1)c1[nH]c(nc1N(C)C2=O)-c1ccccc1,0.7745025149999999
CBS-1114,0.9251907,0.9924475,0.87522966,0.71326417,0.990919,0.99970824,0.92798895,0.9155922,0.92418355,0.912436,0.902074,0.9531597,0.9911794,0.9694151,0.999739,0.999252,0.7990555,0.75774175,0.6078205,0.9187673,0.9992054,0.99444675,0.9812444,0.8925767,0.7641088,0.9987419,N=C(NNc1ccccc1)c1ccccc1,0.9117495449999999
A61603,0.9789088,0.9832682,0.72270066,0.5424515,0.99269813,0.99902034,0.15327397,0.8488778,0.9030644,0.8986341,0.6639329,0.80196995,0.992642,0.041953705,0.95037323,0.9516694,0.69618493,0.69477695,0.53220075,0.024040375,0.80372024,0.976138,0.7524666,0.8592965,0.6158348,0.70564705,CS(=O)(=O)Nc1c(O)ccc2C(CCCc12)C1=NCCN1,0.7340671261538462
